ts	phase	decision	why	evidence	result
2026-10-05T18:59:12Z	frame	mapped every skill in both packs before designing	the merge plan has to rest on what each skill actually says, not on names	subagent overlap report (37 B skills read in full, 50 A skills)	4 duplicates, 13 complements, 10 unique, 10 out of scope
2026-10-05T18:59:12Z	frame	user picked: grill while deciding what to build, autonomous while building; GitHub issues; merged tdd; triage/course/wizard/to-questionnaire as unrouted extras	these are preference calls no experiment settles	AskUserQuestion answers this session	settled
2026-10-05T18:59:12Z	frame	import Matt's repo as a second pinned upstream of the existing generator, not side-by-side plugins and not a hand fork	one namespace removes the tdd/teach name clashes, and the generator already has drift guards; a hand fork loses upstream updates	import.sh, transform/audit.py	chosen
2026-10-05T18:59:12Z	frame	pinned Matt at 4588b32, not the 6654f6b copy that was mapped	46 newer commits: resolving-merge-conflicts removed, CONTEXT.md renamed GLOSSARY.md, pr/implement-spec/retro promoted	git diff --stat 6654f6b 4588b32	manifest must classify the 3 new skills
2026-10-05T19:04:01Z	harness	ran import.sh on the untouched repo first	so every later diff reads as old vs new	import.sh output: 50 skills, 0 problems, plugins/ unchanged	baseline clean
2026-10-05T19:04:01Z	design	moved Matt's pr skill from core to exclude	its PR body template contradicts the Opening a PR playbook's body format; routing both gives agents two templates	transform/mattpocock.tsv row skills/engineering/pr	excluded
2026-10-05T19:04:01Z	design	imported Matt after pstack's Cursor rules, before frontmatter	the Cursor rules are written for pstack prose and must not rewrite his; frontmatter must normalise both	import.sh step 3b	done
2026-10-05T19:04:01Z	design	routed through 3 new rules.pl lines instead of overlaying poteto-mode	the dead-rule audit catches an upstream reword of the anchor; a whole-file overlay would alarm on every upstream poteto-mode change	transform/rules.pl tail	68/80 rules fired, 0 dead
2026-10-05T19:04:01Z	design	dropping a frontmatter key now also drops its indented child lines	pr's metadata block would have left orphan YAML lines	transform/frontmatter.py dropping flag	pstack output unchanged except 3 intended files
2026-10-05T19:04:01Z	lint	lint exempts a/an **x** skill from the skill-name check	Matt's writing-for-agents says a **model-invoked** skill as a description; 91 of 133 real references use 'the'	tests/lint-skills.py BOLD_RE	0 problems, 257 cross-references
2026-10-05T19:04:01Z	verify	mutation-tested the 3 new guards against a modified Matt clone	a guard that never fired proves nothing	TMPDIR m1/m2/m3 logs	all 3 failed the build with the intended message; clone restored clean
